x1,x2,x3
10.0655,10.089,10.4025
10.089,10.4025,10.648
10.4025,10.648,10.6668
10.648,10.6668,10.844
10.6668,10.844,10.8583
10.844,10.8583,10.7919
10.8583,10.7919,10.8841
10.7919,10.8841,10.8879
10.8841,10.8879,10.8009
10.8879,10.8009,10.8789
10.8009,10.8789,11.0368
10.8789,11.0368,11.0846
11.0368,11.0846,11.1418
11.0846,11.1418,11.1566
11.1418,11.1566,11.088
11.1566,11.088,11.1876
11.088,11.1876,11.1889
11.1876,11.1889,11.0923
11.1889,11.0923,11.14
11.0923,11.14,11.0653
11.14,11.0653,11.0708
11.0653,11.0708,11.1181
11.0708,11.1181,11.2989
11.1181,11.2989,11.342
11.2989,11.342,11.3881
11.342,11.3881,11.4592
11.3881,11.4592,11.3247
11.4592,11.3247,11.2879
11.3247,11.2879,11.486
11.2879,11.486,11.3894
11.486,11.3894,11.2225
11.3894,11.2225,11.3081
11.2225,11.3081,11.3195
11.3081,11.3195,11.3925
11.3195,11.3925,11.4832
11.3925,11.4832,11.5202
11.4832,11.5202,11.5295
11.5202,11.5295,11.5042
11.5295,11.5042,11.5293
11.5042,11.5293,11.3547
11.5293,11.3547,11.3411
11.3547,11.3411,11.4859
11.3411,11.4859,11.5577
11.4859,11.5577,11.6165
11.5577,11.6165,11.53
11.6165,11.53,11.508
11.53,11.508,11.4541
11.508,11.4541,11.1928
11.4541,11.1928,11.2073
11.1928,11.2073,11.2678
11.2073,11.2678,11.4442
11.2678,11.4442,11.6074
11.4442,11.6074,11.5692
11.6074,11.5692,11.6208
11.5692,11.6208,11.6068
11.6208,11.6068,11.6951
11.6068,11.6951,11.7128
11.6951,11.7128,11.7056
11.7128,11.7056,11.66
11.7056,11.66,11.646
11.66,11.646,11.5916
11.646,11.5916,11.3359
11.5916,11.3359,11.1846
11.3359,11.1846,11.177
11.1846,11.177,10.8222
11.177,10.8222,10.7621
10.8222,10.7621,10.4827
10.7621,10.4827,10.4306
10.4827,10.4306,10.4528
10.4306,10.4528,10.3212
10.4528,10.3212,10.195
10.3212,10.195,10.0998
10.195,10.0998,10.3202
10.0998,10.3202,10.0376
10.3202,10.0376,9.8235
10.0376,9.8235,10.0218
9.8235,10.0218,10.1214
10.0218,10.1214,9.9711
10.1214,9.9711,9.8802
9.9711,9.8802,9.8837
9.8802,9.8837,10.1193
9.8837,10.1193,10.1197
10.1193,10.1197,10.1432
10.1197,10.1432,9.9305
10.1432,9.9305,9.9396
9.9305,9.9396,9.9904
9.9396,9.9904,9.991
9.9904,9.991,9.9835
9.991,9.9835,9.9617
9.9835,9.9617,9.4166
9.9617,9.4166,9.4573
9.4166,9.4573,9.7143
9.4573,9.7143,9.8485
9.7143,9.8485,10.0008
9.8485,10.0008,10.1699
10.0008,10.1699,10.1391
10.1699,10.1391,10.2748
10.1391,10.2748,10.0959
10.2748,10.0959,10.0115
10.0959,10.0115,10.1052
10.0115,10.1052,9.9776
10.1052,9.9776,10.1334
9.9776,10.1334,10.3492
10.1334,10.3492,10.2706
10.3492,10.2706,10.3207
10.2706,10.3207,10.3627
10.3207,10.3627,10.2782
10.3627,10.2782,10.1873
10.2782,10.1873,10.1611
10.1873,10.1611,10.2428
10.1611,10.2428,10.408
10.2428,10.408,10.3281
10.408,10.3281,10.2677
10.3281,10.2677,10.3321
10.2677,10.3321,10.5828
10.3321,10.5828,10.664
10.5828,10.664,10.6665
10.664,10.6665,10.6503
10.6665,10.6503,10.5705
10.6503,10.5705,10.5565
10.5705,10.5565,10.5726
10.5565,10.5726,10.4896
10.5726,10.4896,10.6543
10.4896,10.6543,10.6639
10.6543,10.6639,10.5357
10.6639,10.5357,10.5597
10.5357,10.5597,10.4796
10.5597,10.4796,10.5095
10.4796,10.5095,10.5122
10.5095,10.5122,10.6065
10.5122,10.6065,10.6272
10.6065,10.6272,10.8994
10.6272,10.8994,10.9281
10.8994,10.9281,10.8709
10.9281,10.8709,10.9498
10.8709,10.9498,10.92
10.9498,10.92,10.829
10.92,10.829,10.8058
10.829,10.8058,10.7702
10.8058,10.7702,10.738
10.7702,10.738,10.7004
10.738,10.7004,10.6051
10.7004,10.6051,10.5852
10.6051,10.5852,10.3632
10.5852,10.3632,10.3263
10.3632,10.3263,10.3607
10.3263,10.3607,10.2833
10.3607,10.2833,10.1918
10.2833,10.1918,10.1741
10.1918,10.1741,10.4229
10.1741,10.4229,10.325
10.4229,10.325,10.2362
10.325,10.2362,10.2104
10.2362,10.2104,10.2194
10.2104,10.2194,10.4279
10.2194,10.4279,10.3613
10.4279,10.3613,10.5062
10.3613,10.5062,10.5648
10.5062,10.5648,10.6692
10.5648,10.6692,10.58
10.6692,10.58,10.5804
10.58,10.5804,10.6168
10.5804,10.6168,10.6023
10.6168,10.6023,10.7398
10.6023,10.7398,10.6988
10.7398,10.6988,10.6885
10.6988,10.6885,10.5201
10.6885,10.5201,10.2899
10.5201,10.2899,10.248
10.2899,10.248,10.2906
10.248,10.2906,10.1917
10.2906,10.1917,10.1997
10.1917,10.1997,10.2289
10.1997,10.2289,10.3285
10.2289,10.3285,10.4506
10.3285,10.4506,10.4428
10.4506,10.4428,10.3064
10.4428,10.3064,10.3267
10.3064,10.3267,10.2625
10.3267,10.2625,10.3569
10.2625,10.3569,10.5273
10.3569,10.5273,10.6471
10.5273,10.6471,10.5719
10.6471,10.5719,10.5081
10.5719,10.5081,10.5053
10.5081,10.5053,10.5032
10.5053,10.5032,10.5876
10.5032,10.5876,10.748
10.5876,10.748,10.7825
10.748,10.7825,10.8185
10.7825,10.8185,10.8561
10.8185,10.8561,10.8553
10.8561,10.8553,10.9318
10.8553,10.9318,10.8972
10.9318,10.8972,10.9295
10.8972,10.9295,10.9734
10.9295,10.9734,10.9914
10.9734,10.9914,10.9136
10.9914,10.9136,10.794
10.9136,10.794,10.8202
10.794,10.8202,10.8175
10.8202,10.8175,10.728
10.8175,10.728,10.7766
10.728,10.7766,10.8602
10.7766,10.8602,11.067
10.8602,11.067,11.1454
11.067,11.1454,11.0773
11.1454,11.0773,11.1986
11.0773,11.1986,11.2685
11.1986,11.2685,11.5456
11.2685,11.5456,11.513
11.5456,11.513,11.6058
11.513,11.6058,11.5916
11.6058,11.5916,11.6041
11.5916,11.6041,11.5295
11.6041,11.5295,11.481
11.5295,11.481,11.358
11.481,11.358,11.4204
11.358,11.4204,11.4199
11.4204,11.4199,11.5095
11.4199,11.5095,11.4949
11.5095,11.4949,11.5523
11.4949,11.5523,11.6527
11.5523,11.6527,11.852
11.6527,11.852,11.9554
11.852,11.9554,11.9939
11.9554,11.9939,12.0245
11.9939,12.0245,12.0644
12.0245,12.0644,11.7324
12.0644,11.7324,11.7321
11.7324,11.7321,11.7356
11.7321,11.7356,11.8274
11.7356,11.8274,11.8081
11.8274,11.8081,11.976
11.8081,11.976,11.9773
11.976,11.9773,12.0572
11.9773,12.0572,12.1611
12.0572,12.1611,12.212
12.1611,12.212,11.9699
12.212,11.9699,11.998
11.9699,11.998,12.0584
11.998,12.0584,12.0944
12.0584,12.0944,11.9406
12.0944,11.9406,12.0288
11.9406,12.0288,12.0788
12.0288,12.0788,12.1614
12.0788,12.1614,12.2413
12.1614,12.2413,12.2199
12.2413,12.2199,12.26
12.2199,12.26,12.2725
12.26,12.2725,12.2184
12.2725,12.2184,12.1051
12.2184,12.1051,11.975
12.1051,11.975,11.9282
11.975,11.9282,11.9749
11.9282,11.9749,11.9539
11.9749,11.9539,12.0169
11.9539,12.0169,12.0535
12.0169,12.0535,12.087
12.0535,12.087,12.0349
12.087,12.0349,11.9996
12.0349,11.9996,11.9652
11.9996,11.9652,11.9047
11.9652,11.9047,11.9064
11.9047,11.9064,11.792
11.9064,11.792,11.6592
11.792,11.6592,11.6176
11.6592,11.6176,11.7235
11.6176,11.7235,11.8169
11.7235,11.8169,11.7178
11.8169,11.7178,11.8032
11.7178,11.8032,11.6395
11.8032,11.6395,11.5486
11.6395,11.5486,11.4791
11.5486,11.4791,11.5853
11.4791,11.5853,11.608
11.5853,11.608,11.679
11.608,11.679,11.6968
11.679,11.6968,11.8057
11.6968,11.8057,11.7648
11.8057,11.7648,11.7933
11.7648,11.7933,11.8461
11.7933,11.8461,11.8867
11.8461,11.8867,11.8593
11.8867,11.8593,11.8683
11.8593,11.8683,11.8438
11.8683,11.8438,11.6506
11.8438,11.6506,11.6489
11.6506,11.6489,11.6573
11.6489,11.6573,11.6927
11.6573,11.6927,11.6402
11.6927,11.6402,11.5013
11.6402,11.5013,11.4973
11.5013,11.4973,11.364
11.4973,11.364,11.2611
11.364,11.2611,11.1423
11.2611,11.1423,11.0985
11.1423,11.0985,11.1697
11.0985,11.1697,11.1131
11.1697,11.1131,11.0451
11.1131,11.0451,11.0376
11.0451,11.0376,11.0467
11.0376,11.0467,11.1809
11.0467,11.1809,11.1841
11.1809,11.1841,11.258
11.1841,11.258,11.2937
11.258,11.2937,11.4211
11.2937,11.4211,11.5163
11.4211,11.5163,11.5057
11.5163,11.5057,11.6183
11.5057,11.6183,11.6884
11.6183,11.6884,11.5901
11.6884,11.5901,11.6102
11.5901,11.6102,11.5569
11.6102,11.5569,11.5594
11.5569,11.5594,11.6401
11.5594,11.6401,11.6276
11.6401,11.6276,11.6753
11.6276,11.6753,11.6797
11.6753,11.6797,11.6942
11.6797,11.6942,11.7679
11.6942,11.7679,11.8683
11.7679,11.8683,11.8267
11.8683,11.8267,11.8206
11.8267,11.8206,11.8066
11.8206,11.8066,11.7797
11.8066,11.7797,11.7274
11.7797,11.7274,11.7223
11.7274,11.7223,11.8343
11.7223,11.8343,11.8635
11.8343,11.8635,11.9488
11.8635,11.9488,12.0447
11.9488,12.0447,12.078
12.0447,12.078,12.1714
12.078,12.1714,12.1602
12.1714,12.1602,12.2391
12.1602,12.2391,12.2033
12.2391,12.2033,12.2142
12.2033,12.2142,12.1864
12.2142,12.1864,12.3226
12.1864,12.3226,12.3846
12.3226,12.3846,12.2681
12.3846,12.2681,12.1295
12.2681,12.1295,12.1161
12.1295,12.1161,12.1578
12.1161,12.1578,12.2184
12.1578,12.2184,12.1193
12.2184,12.1193,12.1833
12.1193,12.1833,12.2498
12.1833,12.2498,12.3224
12.2498,12.3224,12.2669
12.3224,12.2669,12.267
12.2669,12.267,12.4243
12.267,12.4243,12.4866
12.4243,12.4866,12.4629
12.4866,12.4629,12.6207
12.4629,12.6207,12.6529
12.6207,12.6529,12.7229
12.6529,12.7229,12.7941
12.7229,12.7941,12.6074
12.7941,12.6074,12.6182
12.6074,12.6182,12.6694
12.6182,12.6694,12.5102
12.6694,12.5102,12.5297
12.5102,12.5297,12.5683
12.5297,12.5683,12.5835
12.5683,12.5835,12.5287
12.5835,12.5287,12.5746
12.5287,12.5746,12.5991
12.5746,12.5991,12.6586
12.5991,12.6586,12.6806
12.6586,12.6806,12.6367
12.6806,12.6367,12.5661
12.6367,12.5661,12.5997
12.5661,12.5997,12.5307
12.5997,12.5307,12.5194
12.5307,12.5194,12.5075
12.5194,12.5075,12.6557
12.5075,12.6557,12.69
12.6557,12.69,12.7634
12.69,12.7634,12.9303
12.7634,12.9303,13.0309
12.9303,13.0309,13.0348
13.0309,13.0348,13.0531
13.0348,13.0531,13.034
13.0531,13.034,13.0334
13.034,13.0334,12.9871
13.0334,12.9871,12.9324
12.9871,12.9324,12.9476
12.9324,12.9476,13.1368
12.9476,13.1368,13.3287
13.1368,13.3287,13.3695
13.3287,13.3695,13.4245
13.3695,13.4245,13.3601
13.4245,13.3601,13.5444
13.3601,13.5444,13.2652
13.5444,13.2652,13.3094
13.2652,13.3094,13.4898
13.3094,13.4898,13.5659
13.4898,13.5659,13.5043
13.5659,13.5043,13.4625
13.5043,13.4625,13.4862
13.4625,13.4862,13.4839
13.4862,13.4839,13.4856
13.4839,13.4856,13.4058
13.4856,13.4058,13.4468
13.4058,13.4468,13.5743
13.4468,13.5743,13.5342
13.5743,13.5342,13.6136
13.5342,13.6136,13.6518
13.6136,13.6518,13.8759
13.6518,13.8759,13.9305
13.8759,13.9305,13.6675
13.9305,13.6675,13.666
13.6675,13.666,13.613
13.666,13.613,13.4695
13.613,13.4695,13.4444
13.4695,13.4444,13.5697
13.4444,13.5697,13.7071
13.5697,13.7071,13.693
13.7071,13.693,13.7676
13.693,13.7676,13.7552
13.7676,13.7552,13.8845
13.7552,13.8845,13.8877
13.8845,13.8877,13.7583
13.8877,13.7583,13.8433
13.7583,13.8433,13.7312
13.8433,13.7312,13.7615
13.7312,13.7615,13.6143
13.7615,13.6143,13.7184
13.6143,13.7184,13.8078
13.7184,13.8078,13.7075
13.8078,13.7075,13.9514
13.7075,13.9514,14.0323
13.9514,14.0323,14.2278
14.0323,14.2278,14.2679
14.2278,14.2679,14.3586
14.2679,14.3586,14.3039
14.3586,14.3039,14.5055
14.3039,14.5055,14.5286
14.5055,14.5286,14.4573
14.5286,14.4573,14.5079
14.4573,14.5079,14.5307
14.5079,14.5307,14.4933
14.5307,14.4933,14.6578
14.4933,14.6578,14.7614
14.6578,14.7614,14.8661
14.7614,14.8661,14.8556
14.8661,14.8556,14.7332
14.8556,14.7332,14.8181
14.7332,14.8181,14.9297
14.8181,14.9297,15.1552
14.9297,15.1552,15.1043
15.1552,15.1043,14.9707
15.1043,14.9707,14.5394
14.9707,14.5394,14.6727
14.5394,14.6727,14.8389
14.6727,14.8389,14.8915
14.8389,14.8915,14.8334
14.8915,14.8334,14.965
14.8334,14.965,15.1575
14.965,15.1575,15.16
15.1575,15.16,15.2941
15.16,15.2941,15.3453
15.2941,15.3453,15.1044
15.3453,15.1044,14.9742
15.1044,14.9742,15.0722
14.9742,15.0722,15.1896
15.0722,15.1896,15.2156
15.1896,15.2156,15.2425
15.2156,15.2425,15.2829
15.2425,15.2829,15.2246
15.2829,15.2246,15.2723
15.2246,15.2723,15.3835
15.2723,15.3835,15.401
15.3835,15.401,15.5101
15.401,15.5101,15.5744
15.5101,15.5744,15.6039
15.5744,15.6039,15.537
15.6039,15.537,15.7083
15.537,15.7083,15.8243
15.7083,15.8243,15.8962
15.8243,15.8962,15.8893
15.8962,15.8893,15.7991
15.8893,15.7991,15.5996
15.7991,15.5996,15.3905
15.5996,15.3905,15.4433
15.3905,15.4433,15.4727
15.4433,15.4727,15.5468
15.4727,15.5468,15.5434
15.5468,15.5434,15.8764
15.5434,15.8764,15.9861
15.8764,15.9861,15.9847
15.9861,15.9847,16.045
15.9847,16.045,16.0486
16.045,16.0486,16.1759
16.0486,16.1759,16.1829
16.1759,16.1829,16.2422
16.1829,16.2422,16.2922
16.2422,16.2922,16.3891
16.2922,16.3891,16.3194
16.3891,16.3194,16.2184
16.3194,16.2184,16.2336
16.2184,16.2336,16.1449
16.2336,16.1449,16.2409
16.1449,16.2409,15.8538
16.2409,15.8538,15.8496
15.8538,15.8496,15.8584
15.8496,15.8584,15.8539
15.8584,15.8539,16.0671
15.8539,16.0671,16.1053
16.0671,16.1053,16.2843
16.1053,16.2843,16.5998
16.2843,16.5998,16.5494
16.5998,16.5494,16.6608
16.5494,16.6608,16.7185
16.6608,16.7185,16.6539
16.7185,16.6539,16.6003
16.6539,16.6003,16.3602
16.6003,16.3602,16.5781
16.3602,16.5781,16.7615
16.5781,16.7615,16.9306
16.7615,16.9306,17.0902
16.9306,17.0902,17.1078
17.0902,17.1078,16.8982
17.1078,16.8982,17.0158
16.8982,17.0158,16.8695
17.0158,16.8695,16.7952
16.8695,16.7952,16.7604
16.7952,16.7604,16.4255
16.7604,16.4255,16.3696
16.4255,16.3696,16.3834
16.3696,16.3834,15.93
16.3834,15.93,16.0924
15.93,16.0924,16.3834
16.0924,16.3834,16.566
16.3834,16.566,16.5639
16.566,16.5639,16.6523
16.5639,16.6523,16.4561
16.6523,16.4561,16.5346
16.4561,16.5346,16.7865
16.5346,16.7865,16.6826
16.7865,16.6826,16.8183
16.6826,16.8183,16.9865
16.8183,16.9865,16.9771
16.9865,16.9771,16.9796
16.9771,16.9796,16.8471
16.9796,16.8471,16.9812
16.8471,16.9812,16.9237
16.9812,16.9237,17.4886
16.9237,17.4886,17.7232
17.4886,17.7232,17.7264
17.7232,17.7264,17.8826
17.7264,17.8826,18.0217
17.8826,18.0217,18.0859
18.0217,18.0859,18.048
18.0859,18.048,18.1419
18.048,18.1419,18.0168
18.1419,18.0168,18.2609
18.0168,18.2609,18.0689
18.2609,18.0689,18.2004
18.0689,18.2004,18.3342
18.2004,18.3342,18.5146
18.3342,18.5146,18.628
18.5146,18.628,18.5759
18.628,18.5759,18.4484
18.5759,18.4484,18.9026
18.4484,18.9026,18.9143
18.9026,18.9143,18.6676
18.9143,18.6676,18.6433
18.6676,18.6433,18.5838
18.6433,18.5838,18.3991
18.5838,18.3991,18.1474
18.3991,18.1474,17.4719
18.1474,17.4719,17.431
17.4719,17.431,17.4189
17.431,17.4189,16.7235
17.4189,16.7235,16.9826
16.7235,16.9826,17.2413
16.9826,17.2413,17.5226
17.2413,17.5226,17.9085
17.5226,17.9085,17.902
17.9085,17.902,17.9106
17.902,17.9106,18.0353
17.9106,18.0353,18.2371
18.0353,18.2371,18.0977
18.2371,18.0977,18.2609
18.0977,18.2609,18.4989
18.2609,18.4989,18.2434
18.4989,18.2434,18.0145
18.2434,18.0145,17.8315
18.0145,17.8315,17.6655
17.8315,17.6655,17.9204
17.6655,17.9204,17.9194
17.9204,17.9194,18.178
17.9194,18.178,18.2798
18.178,18.2798,18.5236
18.2798,18.5236,18.5881
18.5236,18.5881,18.451
18.5881,18.451,18.629
18.451,18.629,18.7103
18.629,18.7103,18.7211
18.7103,18.7211,18.7578
18.7211,18.7578,18.8031
18.7578,18.8031,18.5621
18.8031,18.5621,17.9817
18.5621,17.9817,17.9874
17.9817,17.9874,18.2784
17.9874,18.2784,17.817
18.2784,17.817,17.7268
17.817,17.7268,17.7244
17.7268,17.7244,17.7206
17.7244,17.7206,17.7161
17.7206,17.7161,17.4693
17.7161,17.4693,17.4692
17.4693,17.4692,17.7092
17.4692,17.7092,17.9927
17.7092,17.9927,18.161
17.9927,18.161,18.0941
18.161,18.0941,17.5366
18.0941,17.5366,17.627
17.5366,17.627,17.8155
17.627,17.8155,17.6893
17.8155,17.6893,17.5577
17.6893,17.5577,17.5914
17.5577,17.5914,17.5571
17.5914,17.5571,17.2301
17.5571,17.2301,17.3441
17.2301,17.3441,17.4859
17.3441,17.4859,17.5291
17.4859,17.5291,17.4405
17.5291,17.4405,17.4454
17.4405,17.4454,17.599
17.4454,17.599,17.8863
17.599,17.8863,18.0086
17.8863,18.0086,18.0045
18.0086,18.0045,18.3129
18.0045,18.3129,18.4063
18.3129,18.4063,18.3681
18.4063,18.3681,18.3094
18.3681,18.3094,18.3786
18.3094,18.3786,18.3755
18.3786,18.3755,18.3717
18.3755,18.3717,18.3864
18.3717,18.3864,18.3016
18.3864,18.3016,18.4084
18.3016,18.4084,18.4181
18.4084,18.4181,18.5132
18.4181,18.5132,18.1982
18.5132,18.1982,18.3151
18.1982,18.3151,18.3262
18.3151,18.3262,18.6447
18.3262,18.6447,18.7764
18.6447,18.7764,18.894
18.7764,18.894,18.9693
18.894,18.9693,18.7164
18.9693,18.7164,18.8619
18.7164,18.8619,18.9802
18.8619,18.9802,18.9306
18.9802,18.9306,18.5742
18.9306,18.5742,18.5626
18.5742,18.5626,18.5604
18.5626,18.5604,18.1665
18.5604,18.1665,18.1994
18.1665,18.1994,18.0927
18.1994,18.0927,18.0056
18.0927,18.0056,17.833
18.0056,17.833,17.485
17.833,17.485,17.2086
17.485,17.2086,16.9917
17.2086,16.9917,17.3964
16.9917,17.3964,17.3175
17.3964,17.3175,17.1757
17.3175,17.1757,16.996
17.1757,16.996,16.9563
16.996,16.9563,16.9418
16.9563,16.9418,17.3057
16.9418,17.3057,17.32
17.3057,17.32,17.1341
17.32,17.1341,17.2103
17.1341,17.2103,17.401
17.2103,17.401,17.3461
17.401,17.3461,17.2149
17.3461,17.2149,17.2735
17.2149,17.2735,17.2635
17.2735,17.2635,17.2689
17.2635,17.2689,17.1622
17.2689,17.1622,17.2735
17.1622,17.2735,17.3801
17.2735,17.3801,17.4601
17.3801,17.4601,16.6388
17.4601,16.6388,16.5572
16.6388,16.5572,16.3261
16.5572,16.3261,16.166
16.3261,16.166,16.0517
16.166,16.0517,16.2169
16.0517,16.2169,16.2995
16.2169,16.2995,16.4349
16.2995,16.4349,16.4003
16.4349,16.4003,16.0004
16.4003,16.0004,16.0006
16.0004,16.0006,15.4058
16.0006,15.4058,15.4927
15.4058,15.4927,15.5945
15.4927,15.5945,15.9376
15.5945,15.9376,15.9324
15.9376,15.9324,16.0236
15.9324,16.0236,15.7834
16.0236,15.7834,16.0536
15.7834,16.0536,16.1746
16.0536,16.1746,16.1304
16.1746,16.1304,16.0793
16.1304,16.0793,15.8429
16.0793,15.8429,15.7729
15.8429,15.7729,15.8811
15.7729,15.8811,15.5534
15.8811,15.5534,15.2463
15.5534,15.2463,15.1979
15.2463,15.1979,15.0846
15.1979,15.0846,14.8974
15.0846,14.8974,14.7502
14.8974,14.7502,14.9717
14.7502,14.9717,15.1203
14.9717,15.1203,14.9962
15.1203,14.9962,15.0073
14.9962,15.0073,15.1755
15.0073,15.1755,15.3254
15.1755,15.3254,15.698
15.3254,15.698,15.5881
15.698,15.5881,15.4991
15.5881,15.4991,15.6388
15.4991,15.6388,15.592
15.6388,15.592,15.56
15.592,15.56,15.5533
15.56,15.5533,15.3282
15.5533,15.3282,15.2146
15.3282,15.2146,15.0862
15.2146,15.0862,14.9108
15.0862,14.9108,14.5961
14.9108,14.5961,14.5113
14.5961,14.5113,14.422
14.5113,14.422,13.8581
14.422,13.8581,14.1499
13.8581,14.1499,14.183
14.1499,14.183,14.3106
14.183,14.3106,14.169
14.3106,14.169,14.1971
14.169,14.1971,14.582
14.1971,14.582,14.1958
14.582,14.1958,14.0074
14.1958,14.0074,14.098
14.0074,14.098,14.0307
14.098,14.0307,13.7496
14.0307,13.7496,14.1095
13.7496,14.1095,14.1057
14.1095,14.1057,15.2917
14.1057,15.2917,14.9717
15.2917,14.9717,14.9627
14.9717,14.9627,15.0863
14.9627,15.0863,15.1437
15.0863,15.1437,14.7617
15.1437,14.7617,14.5978
14.7617,14.5978,14.6579
14.5978,14.6579,14.6687
14.6579,14.6687,14.8854
14.6687,14.8854,15.0102
14.8854,15.0102,15.0118
15.0102,15.0118,14.6853
15.0118,14.6853,14.6849
14.6853,14.6849,14.7929
14.6849,14.7929,14.7171
14.7929,14.7171,14.7869
14.7171,14.7869,14.8822
14.7869,14.8822,15.0295
14.8822,15.0295,15.0242
15.0295,15.0242,15.004
15.0242,15.004,15.3982
15.004,15.3982,15.5819
15.3982,15.5819,14.9093
15.5819,14.9093,14.8473
14.9093,14.8473,14.6132
14.8473,14.6132,14.6806
14.6132,14.6806,14.8698
14.6806,14.8698,14.6601
14.8698,14.6601,14.5782
14.6601,14.5782,14.3928
14.5782,14.3928,14.2491
14.3928,14.2491,14.153
14.2491,14.153,14.069
14.153,14.069,13.954
14.069,13.954,13.9529
13.954,13.9529,13.9513
13.9529,13.9513,13.8777
13.9513,13.8777,14.0633
13.8777,14.0633,13.8884
14.0633,13.8884,13.7683
13.8884,13.7683,13.7674
13.7683,13.7674,14.075
13.7674,14.075,14.1387
14.075,14.1387,14.3922
14.1387,14.3922,14.6547
14.3922,14.6547,14.7272
14.6547,14.7272,14.5702
14.7272,14.5702,14.7474
14.5702,14.7474,14.9358
14.7474,14.9358,14.9554
14.9358,14.9554,15.1277
14.9554,15.1277,15.1847
15.1277,15.1847,15.066
15.1847,15.066,15.0888
15.066,15.0888,15.1568
15.0888,15.1568,15.2961
15.1568,15.2961,15.2961
15.2961,15.2961,15.3667
15.2961,15.3667,15.3835
15.3667,15.3835,15.6707
15.3835,15.6707,15.7925
15.6707,15.7925,15.8025
15.7925,15.8025,15.8009
15.8025,15.8009,15.7982
15.8009,15.7982,15.7967
15.7982,15.7967,15.7499
15.7967,15.7499,15.9157
15.7499,15.9157,16.0111
15.9157,16.0111,16.141
16.0111,16.141,16.1561
16.141,16.1561,15.8448
16.1561,15.8448,16.0064
15.8448,16.0064,15.9809
16.0064,15.9809,16.1058
15.9809,16.1058,16.2214
16.1058,16.2214,16.5413
16.2214,16.5413,16.632
16.5413,16.632,16.595
16.632,16.595,16.6145
16.595,16.6145,16.7937
16.6145,16.7937,16.9405
16.7937,16.9405,17.0296
16.9405,17.0296,17.0381
17.0296,17.0381,16.7903
17.0381,16.7903,16.3485
16.7903,16.3485,16.5326
16.3485,16.5326,16.8083
16.5326,16.8083,16.656
16.8083,16.656,16.7128
16.656,16.7128,16.7277
16.7128,16.7277,17.1287
16.7277,17.1287,17.1313
17.1287,17.1313,17.2092
17.1313,17.2092,17.1077
17.2092,17.1077,17.1374
17.1077,17.1374,16.7486
17.1374,16.7486,16.8844
16.7486,16.8844,17.0853
16.8844,17.0853,17.0913
17.0853,17.0913,17.43
17.0913,17.43,17.7127
17.43,17.7127,17.7432
17.7127,17.7432,17.9219
17.7432,17.9219,17.9907
17.9219,17.9907,17.9921
17.9907,17.9921,18.3815
17.9921,18.3815,18.4562
18.3815,18.4562,18.1904
18.4562,18.1904,18.2241
18.1904,18.2241,18.2756
18.2241,18.2756,18.1991
18.2756,18.1991,18.1983
18.1991,18.1983,18.1973
18.1983,18.1973,18.1693
18.1973,18.1693,18.2425
18.1693,18.2425,17.9454
18.2425,17.9454,18.0739
17.9454,18.0739,18.3446
18.0739,18.3446,18.3046
18.3446,18.3046,18.4011
18.3046,18.4011,18.4656
18.4011,18.4656,17.8892
18.4656,17.8892,17.5803
17.8892,17.5803,17.5787
17.5803,17.5787,17.4042
17.5787,17.4042,17.4016
17.4042,17.4016,16.898
17.4016,16.898,17.2421
16.898,17.2421,17.3522
17.2421,17.3522,17.0826
17.3522,17.0826,16.6125
17.0826,16.6125,16.696
16.6125,16.696,16.3761
16.696,16.3761,16.3738
16.3761,16.3738,16.3941
16.3738,16.3941,16.5454
16.3941,16.5454,16.5764
16.5454,16.5764,16.5748
16.5764,16.5748,16.5143
16.5748,16.5143,16.428
16.5143,16.428,16.5593
16.428,16.5593,16.413
16.5593,16.413,16.4115
16.413,16.4115,16.4084
16.4115,16.4084,17.0218
16.4084,17.0218,16.9852
17.0218,16.9852,16.9602
16.9852,16.9602,16.8661
16.9602,16.8661,16.8398
16.8661,16.8398,16.9897
16.8398,16.9897,17.3441
16.9897,17.3441,17.6527
17.3441,17.6527,17.6383
17.6527,17.6383,17.6446
17.6383,17.6446,17.4647
17.6446,17.4647,17.4347
17.4647,17.4347,17.6809
17.4347,17.6809,17.7497
17.6809,17.7497,17.7446
17.7497,17.7446,18.1844
17.7446,18.1844,18.0998
18.1844,18.0998,18.0603
18.0998,18.0603,18.1248
18.0603,18.1248,17.8495
18.1248,17.8495,17.605
17.8495,17.605,17.7313
17.605,17.7313,17.694
17.7313,17.694,17.7433
17.694,17.7433,17.8183
17.7433,17.8183,17.9163
17.8183,17.9163,17.7822
17.9163,17.7822,17.8411
17.7822,17.8411,17.7193
17.8411,17.7193,17.7455
17.7193,17.7455,17.9219
17.7455,17.9219,18.1023
17.9219,18.1023,17.8382
18.1023,17.8382,17.6962
17.8382,17.6962,17.5335
17.6962,17.5335,17.4705
17.5335,17.4705,17.0784
17.4705,17.0784,16.7078
17.0784,16.7078,16.5281
16.7078,16.5281,16.5574
16.5281,16.5574,16.715
16.5574,16.715,16.7105
16.715,16.7105,16.5638
16.7105,16.5638,16.7115
16.5638,16.7115,16.7111
16.7115,16.7111,16.8879
16.7111,16.8879,17.2973
16.8879,17.2973,17.4046
17.2973,17.4046,17.4124
17.4046,17.4124,17.413
17.4124,17.413,17.491
17.413,17.491,17.18
17.491,17.18,17.2502
17.18,17.2502,17.2503
17.2502,17.2503,17.4011
17.2503,17.4011,17.5215
17.4011,17.5215,17.5843
17.5215,17.5843,17.5322
17.5843,17.5322,17.6906
17.5322,17.6906,17.7982
17.6906,17.7982,17.975
17.7982,17.975,17.8717
17.975,17.8717,17.7869
17.8717,17.7869,17.6289
17.7869,17.6289,17.7621
17.6289,17.7621,17.898
17.7621,17.898,17.8807
17.898,17.8807,17.7268
17.8807,17.7268,17.8847
17.7268,17.8847,17.7941
17.8847,17.7941,17.8066
17.7941,17.8066,17.6813
17.8066,17.6813,17.6721
17.6813,17.6721,17.4393
17.6721,17.4393,17.5589
17.4393,17.5589,17.5519
17.5589,17.5519,17.3133
17.5519,17.3133,17.3111
17.3133,17.3297,17.262
17.3297,17.3333,17.3656
17.3333,17.3436,17.4816
17.3436,17.3526,17.4793
17.3526,17.3557,17.5825
17.3557,17.3665,17.4495
17.3665,17.3807,17.5372
17.3807,17.3984,17.7681
17.3984,17.4075,18.0088
